source_record_id,name,pan,mobile,email,dob,city
LOAN-0001,Sunita Nair,FLWRQ9854Z,80637-46198,sunita.nair@hotmail.com,29-06-1988,CHENNAI
LOAN-0002,Prmya Singh,IJXUP6015P,+917307427170,priya.singh@yahoo.com,,bangalore
LOAN-0003,A. Kulkarni,IYCXW0296N,93829-81580,arjun.kulkarni@outlook.com,1969-08-23,Bangalore
LOAN-0004,Ploja Menon,CYAGG7374N,+91 74501 95342,pooja.menon@hotmail.com,,CHENNAI
LOAN-0005,Rekha N. Raghavan,WLSAR2402A,+916129614215,rraghavan@outlook.com,04/04/1986,chennai
LOAN-0006,Amit V. Nair,QYAZA6010L,06483485232,amit19@gmail.com,23-06-1966,Calcutta
LOAN-0007,asha chakraborty,CEMPG5405G,917202096860,ASHA@outlook.com,1999-03-08,Chennai
LOAN-0008,Divya Joshi,AECTK7998C,+91-7040060722,djoshi@gmail.com,29-08-1975,Bombay
LOAN-0009,V. Mukherjee,,916433676208,vmukherjee@company.co.in,,hyderabad
LOAN-0010,Vidram Das,MZUKB0266X,+91 61622 76869,vikram.d@hotmail.com,1993-08-11,chennai
LOAN-0011,divya mehta,NNUHI9071Z,85322-02701,DIVYA@gmail.com,,Kolkata
LOAN-0012,Kavitha K. Bhat,BGAEI 7087P,+918281310549,KAVITHA@hotmail.com,1962-08-28,Bombay
LOAN-0013,Meyra Srinivasan,,916309415646,,23-09-1960,Chennai
LOAN-0014,Vijay Choudhury,ZWTLS9741V,07070551789,vijay18@gmail.com,09/08/1976,bangalore
LOAN-0015,Swati P. Rao,SJOCC3256A,72520-08520,srao@yahoo.com,02-12-1974,PUNE
LOAN-0016,Rajesh Deshpande,CZCHQ8922K,916709106467,rajesh16@hotmail.com,,pune
LOAN-0017,Nisha K. Das,YDHWD6686I,+91 62368 00605,NISHA@yahoo.com,1984-07-17,Bangalore
LOAN-0018,Vijzy Menon,OBQVK6812K,88846-73162,vijay28@yahoo.com,1996-06-22,bangalore
LOAN-0019,Lakshmi Prasad Patil,DHUJK 5581S,+91-6994443931,lakshmi.patil@company.co.in,17/05/1960,Bangalore
LOAN-0020,Gagesh Mishra,EYCFL5308O,08067376984,GANESH@outlook.com,1999-06-03,Pune
LOAN-0021,Lakshmi N. Mishra,WOLZS0226B,08004445533,lakshmi.mishra@company.co.in,02/09/1985,Bangalore
LOAN-0022,Ganesh S. Singh,QNMXI4208C,916346416135,GANESH@gmail.com,29-06-1986,Bengaluru
LOAN-0023,P. Banerjee,KGYWQ0705L,+91-9869149662,,1983-10-28,bangalore
LOAN-0024,D. Kulkarni,LCSNN6265U,7761343426,divya12@company.co.in,06-11-1966,bangalore
LOAN-0025,Arun Pillai,PYPKZ3228H,63162-77479,arun.p@hotmail.com,2000-03-25,MUMBAI
LOAN-EXTRA-0001,Prakash Kaur,,+919559820643,prakash.kaur@company.co.in,,Lucknow
LOAN-EXTRA-0002,Meera Mukherjee,KSIKU9088Y,87964-32511,meera47@yahoo.com,22-10-1994,Delhi
LOAN-EXTRA-0003,Asha Reddy,GTVCB4123I,918910975430,ASHA@yahoo.com,13/06/1999,Jaipur
LOAN-EXTRA-0004,Jyoti Reddy,ZFWRV1824V,6961086098,jyoti75@yahoo.com,15-04-1985,Bangalore
LOAN-EXTRA-0005,Ravi Raghavan,,7587323231,ravi.r@hotmail.com,22-09-1976,Delhi
LN-CONFLICT-001,Vikram Mehta,CCCCC2222C,9999988888,vikram.mehta@gmail.com,1985-03-15,Bombay
LN-MATCH-003,R. Raghavan,ABCDE1234F,98765-43210,rohita@Gmail.COM,1988-06-12,bangalore
